{
    "sub_textures": {
        "0": {
            "x": 0.0,
            "y": 0.0,
            "width": 128.0,
            "height": 170.66666666666666
        },
        " ": {
            "x": 128.0,
            "y": 0.0,
            "width": 128.0,
            "height": 170.66666666666666
        },
        "!": {
            "x": 256.0,
            "y": 0.0,
            "width": 128.0,
            "height": 170.66666666666666
        },
        "\"": {
            "x": 384.0,
            "y": 0.0,
            "width": 128.0,
            "height": 170.66666666666666
        },
        "#": {
            "x": 512.0,
            "y": 0.0,
            "width": 128.0,
            "height": 170.66666666666666
        },
        "$": {
            "x": 640.0,
            "y": 0.0,
            "width": 128.0,
            "height": 170.66666666666666
        },
        "%": {
            "x": 768.0,
            "y": 0.0,
            "width": 128.0,
            "height": 170.66666666666666
        },
        "&": {
            "x": 896.0,
            "y": 0.0,
            "width": 128.0,
            "height": 170.66666666666666
        },
        "'": {
            "x": 1024.0,
            "y": 0.0,
            "width": 128.0,
            "height": 170.66666666666666
        },
        "(": {
            "x": 1152.0,
            "y": 0.0,
            "width": 128.0,
            "height": 170.66666666666666
        },
        ")": {
            "x": 1280.0,
            "y": 0.0,
            "width": 128.0,
            "height": 170.66666666666666
        },
        "*": {
            "x": 1408.0,
            "y": 0.0,
            "width": 128.0,
            "height": 170.66666666666666
        },
        "+": {
            "x": 1536.0,
            "y": 0.0,
            "width": 128.0,
            "height": 170.66666666666666
        },
        ",": {
            "x": 1664.0,
            "y": 0.0,
            "width": 128.0,
            "height": 170.66666666666666
        },
        "-": {
            "x": 1792.0,
            "y": 0.0,
            "width": 128.0,
            "height": 170.66666666666666
        },
        ".": {
            "x": 1920.0,
            "y": 0.0,
            "width": 128.0,
            "height": 170.66666666666666
        },
        "/": {
            "x": 0.0,
            "y": 170.66666666666666,
            "width": 128.0,
            "height": 170.66666666666666
        },
        "0": {
            "x": 128.0,
            "y": 170.66666666666666,
            "width": 128.0,
            "height": 170.66666666666666
        },
        "1": {
            "x": 256.0,
            "y": 170.66666666666666,
            "width": 128.0,
            "height": 170.66666666666666
        },
        "2": {
            "x": 384.0,
            "y": 170.66666666666666,
            "width": 128.0,
            "height": 170.66666666666666
        },
        "3": {
            "x": 512.0,
            "y": 170.66666666666666,
            "width": 128.0,
            "height": 170.66666666666666
        },
        "4": {
            "x": 640.0,
            "y": 170.66666666666666,
            "width": 128.0,
            "height": 170.66666666666666
        },
        "5": {
            "x": 768.0,
            "y": 170.66666666666666,
            "width": 128.0,
            "height": 170.66666666666666
        },
        "6": {
            "x": 896.0,
            "y": 170.66666666666666,
            "width": 128.0,
            "height": 170.66666666666666
        },
        "7": {
            "x": 1024.0,
            "y": 170.66666666666666,
            "width": 128.0,
            "height": 170.66666666666666
        },
        "8": {
            "x": 1152.0,
            "y": 170.66666666666666,
            "width": 128.0,
            "height": 170.66666666666666
        },
        "9": {
            "x": 1280.0,
            "y": 170.66666666666666,
            "width": 128.0,
            "height": 170.66666666666666
        },
        ":": {
            "x": 1408.0,
            "y": 170.66666666666666,
            "width": 128.0,
            "height": 170.66666666666666
        },
        ";": {
            "x": 1536.0,
            "y": 170.66666666666666,
            "width": 128.0,
            "height": 170.66666666666666
        },
        "<": {
            "x": 1664.0,
            "y": 170.66666666666666,
            "width": 128.0,
            "height": 170.66666666666666
        },
        "=": {
            "x": 1792.0,
            "y": 170.66666666666666,
            "width": 128.0,
            "height": 170.66666666666666
        },
        ">": {
            "x": 1920.0,
            "y": 170.66666666666666,
            "width": 128.0,
            "height": 170.66666666666666
        },
        "?": {
            "x": 0.0,
            "y": 341.3333333333333,
            "width": 128.0,
            "height": 170.66666666666666
        },
        "@": {
            "x": 128.0,
            "y": 341.3333333333333,
            "width": 128.0,
            "height": 170.66666666666666
        },
        "A": {
            "x": 256.0,
            "y": 341.3333333333333,
            "width": 128.0,
            "height": 170.66666666666666
        },
        "B": {
            "x": 384.0,
            "y": 341.3333333333333,
            "width": 128.0,
            "height": 170.66666666666666
        },
        "C": {
            "x": 512.0,
            "y": 341.3333333333333,
            "width": 128.0,
            "height": 170.66666666666666
        },
        "D": {
            "x": 640.0,
            "y": 341.3333333333333,
            "width": 128.0,
            "height": 170.66666666666666
        },
        "E": {
            "x": 768.0,
            "y": 341.3333333333333,
            "width": 128.0,
            "height": 170.66666666666666
        },
        "F": {
            "x": 896.0,
            "y": 341.3333333333333,
            "width": 128.0,
            "height": 170.66666666666666
        },
        "G": {
            "x": 1024.0,
            "y": 341.3333333333333,
            "width": 128.0,
            "height": 170.66666666666666
        },
        "H": {
            "x": 1152.0,
            "y": 341.3333333333333,
            "width": 128.0,
            "height": 170.66666666666666
        },
        "I": {
            "x": 1280.0,
            "y": 341.3333333333333,
            "width": 128.0,
            "height": 170.66666666666666
        },
        "J": {
            "x": 1408.0,
            "y": 341.3333333333333,
            "width": 128.0,
            "height": 170.66666666666666
        },
        "K": {
            "x": 1536.0,
            "y": 341.3333333333333,
            "width": 128.0,
            "height": 170.66666666666666
        },
        "L": {
            "x": 1664.0,
            "y": 341.3333333333333,
            "width": 128.0,
            "height": 170.66666666666666
        },
        "M": {
            "x": 1792.0,
            "y": 341.3333333333333,
            "width": 128.0,
            "height": 170.66666666666666
        },
        "N": {
            "x": 1920.0,
            "y": 341.3333333333333,
            "width": 128.0,
            "height": 170.66666666666666
        },
        "O": {
            "x": 0.0,
            "y": 512.0,
            "width": 128.0,
            "height": 170.66666666666666
        },
        "P": {
            "x": 128.0,
            "y": 512.0,
            "width": 128.0,
            "height": 170.66666666666666
        },
        "Q": {
            "x": 256.0,
            "y": 512.0,
            "width": 128.0,
            "height": 170.66666666666666
        },
        "R": {
            "x": 384.0,
            "y": 512.0,
            "width": 128.0,
            "height": 170.66666666666666
        },
        "S": {
            "x": 512.0,
            "y": 512.0,
            "width": 128.0,
            "height": 170.66666666666666
        },